aa_1,mass,volume,vdw_vol,polarity,hydrophobicity,pI
A,71.0788,88.6,67,7.0,41,6.0
R,156.1875,173.4,148,19.0,-14,10.76
N,114.1038,114.1,96,16.0,-28,5.41
D,115.0886,111.1,91,18.0,-55,2.77
C,103.1388,108.5,86,8.0,49,5.07
E,129.1155,138.4,109,17.0,-31,3.22
Q,128.1307,143.8,114,14.0,-10,5.65
G,57.0519,60.1,48,9.0,0,5.97
H,137.1411,153.2,118,13.0,8,7.59
I,113.1594,166.7,124,2.0,99,6.02
L,113.1594,166.7,124,1.0,97,5.98
K,128.1741,168.6,135,15.0,-23,9.74
M,131.1926,162.9,124,5.0,74,5.74
F,147.1766,189.9,135,4.0,100,5.48
P,97.1167,112.7,90,11.5,-46,6.3
S,87.0782,89.0,73,12.0,-5,5.68
T,101.1051,116.1,93,11.0,13,5.6
W,186.2132,227.8,163,6.0,97,5.89
Y,163.176,193.6,141,10.0,63,5.66
V,99.1326,140.0,105,3.0,76,5.96
